klasse;min_um_breite;max_um_breite;min_um_hoehe;max_um_hoehe
Closterium dianae;12;30;100;350
Closterium parvulum;10;15;90;130
Closterium striolatum;25;40;200;400
Closterium venus;7;10;55;80
Micrasterias rotata;150;270;220;300
Micrasterias thomasiana;200;260;170;230
Micrasterias truncata;80;110;85;120
Micrasterias papillifera;100;140;100;150
Closterium kuetzingii;15;25;300;550
Closterium setaceum;8;13;220;450
Closterium costatum;30;45;250;400
Netrium digitus;40;80;150;300
No Desmid;1;1000;1;1000
Cosmarium botrytis;50;70;59;90
Euastrum ansatum;35;45;70;90
Euastrum oblongum;65;85;140;180
Pleurotaenium ehrenbergii;20;30;300;500
Cosmarium obtusatum;47;60;55;72
Pleurotaenium trabecula;24;40;240;520
Closterium gracile;4;6;120;300
Staurastrum dispar;23;32;24;30
Euastrum gutwinskii;12;22;15;25
Cylindrocystis brebissionii;15;22;30;70
Staurodesmus extensus;13;21;16;30
Staurastrum polymorphum;30;49;25;30
Tetmemorus brebissonii;19;26;90;140
Bambusina borreri;14;20;24;1000
Staurastrum furcatum;20;40;25;35
Cosmarium praemorsum;36;56;41;62
Cosmarium minutum;18;25;20;30
Desmidium swartzii;35;50;50;1000
Staurastrum controversum;29;55;25;40
Staurastrum brachiatoides;25;44;25;43
Hyalotheka dissiliens;15;30;10;1000
Closterium submoniliferum;60;75;300;400
Closterium moniliferum;35;55;170;350
Closterium cornu;6;10;90;168
Euastrum didelta;60;75;120;150
Euastrum pinnatum;65;75;125;150
Roya obtusa;5;15;35;150
Staurastrum boreale;33;46;25;29
Closterium acutum;4;6;90;140
Staurastrum gracile;40;60;30;40
Xanthidium antilopaeum;42;108;42;114
Xanthidium unicatum;40;83;55;91
Cosmarium amoenum;23;30;42;55
Cosmarium connatum;50;90;70;105
Cosmarium hornavanense;48;65;60;82
Cosmarium laeve;17;23;20;30
Staurastrum margaritaceum;16;30;24;34
Cosmarium reniforme;44;56;46;64
Tetmemorus laevis;20;30;80;120
Pleurotaenium coronatum;40;60;400;600
Penium margaritaceum;15;30;90;200
Pleurotaenium truncatum;48;75;350;550
Pleurotaenium verrucosum;20;40;300;400
Euastrum humerosum;65;75;120;140
Staurastrum laeve;23;31;22;28
Penium cylindrus;10;15;25;60
Closterium juncidum;8;12;180;300
Cosmarium porteanum;19;30;26;40
Euastrum bidentatum;25;40;40;60
Staurastrum paradoxum;32;60;30;47
Closterium incurvum;6;12;40;80
Closterium lunula;60;100;400;650
Staurodesmus triangularis;17;24;18;23
Euastrum elegans;17;22;27;40
Staurodesmus dickei;25;44;20;46
Closterium pronum;6;9;200;400
Xanthidium armatum;78;127;116;185
Spondylosium pulchellum;8;11;8;1000
Actinotaenium cucurbita;15;25;30;50
Cosmarium regnesi;6;13;6;13
Cosmarium pygmaeum;7;13;2;12
Spirotaenia beijerinckii;4;5;25;42
Cosmarium quadratum;25;46;48;76
Staurastrum lapponicum;31;42;32;44
Closterium attenuatum;35;45;400;550
Staurastrum striatum;18;36;19;30
Staurastrum tetracerum;7;12;7;12
Closterium lineatum var elongatum;15;23;300;750
Euastrum verrucosum;50;90;80;145
Cosmarium tetraophthalmum;60;94;90;135
Staurastrum teliferum;35;52;35;65
Desmidium grevellei;20;26;56;100
Staurastrum subnivale;28;48;27;37
Cosmarium subcucumis;28;53;42;87
Closterium lineatum var lineatum;20;40;300;700
Closterium cynthia;9;19;65;180
Stauraatrum avicula var lunatium;27;48;22;45
Closterium rostratum;20;30;300;500
Micasterias americana;100;130;125;150
Gonatozygon kinahani;10;20;150;500
Tetmemorus granulatus;25;40;150;230
Staurastrum inflexum;20;35;17;33
Staurastrum furcatum var aciculiferum;24;40;20;33
Cosmarium trachypleuroides;28;33;29;34
Closterium leibleinii;16;20;120;200
Coamarium contractoideum;24;30;26;32